args,event_id,event_op_index,global_op_index,input_id,kv_len,kwargs,layer_id,op_name,op_schema,outputs,past_len,phase,priority,q_len,token_state,visipruner_role
"[{""type"":""Tensor"",""shape"":[1,624,4096],""dtype"":""float16"",""device"":""cuda:0"",""requires_grad"":false},""dtype""]",input1_layer18,1,1317,1,624,{},18,to.dtype,"aten::to.dtype(Tensor(a) self, ScalarType dtype, bool non_blocking=False, bool copy=False, MemoryFormat? memory_format=None) -> Tensor(a)","{""type"":""Tensor"",""shape"":[1,624,4096],""dtype"":""float32"",""device"":""cuda:0"",""requires_grad"":false}",0,prefill,P0,624,full_visual,middle_select;boundary_before_prune
"[{""type"":""Tensor"",""shape"":[1,624,4096],""dtype"":""float32"",""device"":""cuda:0"",""requires_grad"":false},2]",input1_layer18,2,1318,1,624,{},18,pow.Tensor_Scalar,"aten::pow.Tensor_Scalar(Tensor self, Scalar exponent) -> Tensor","{""type"":""Tensor"",""shape"":[1,624,4096],""dtype"":""float32"",""device"":""cuda:0"",""requires_grad"":false}",0,prefill,P0,624,full_visual,middle_select;boundary_before_prune
"[{""type"":""Tensor"",""shape"":[1,624,4096],""dtype"":""float32"",""device"":""cuda:0"",""requires_grad"":false},[-1],true]",input1_layer18,3,1319,1,624,{},18,mean.dim,"aten::mean.dim(Tensor self, int[1]? dim, bool keepdim=False, *, ScalarType? dtype=None) -> Tensor","{""type"":""Tensor"",""shape"":[1,624,1],""dtype"":""float32"",""device"":""cuda:0"",""requires_grad"":false}",0,prefill,P0,624,full_visual,middle_select;boundary_before_prune
"[{""type"":""Tensor"",""shape"":[1,624,1],""dtype"":""float32"",""device"":""cuda:0"",""requires_grad"":false},1e-05]",input1_layer18,4,1320,1,624,{},18,add.Tensor,"aten::add.Tensor(Tensor self, Tensor other, *, Scalar alpha=1) -> Tensor","{""type"":""Tensor"",""shape"":[1,624,1],""dtype"":""float32"",""device"":""cuda:0"",""requires_grad"":false}",0,prefill,P0,624,full_visual,middle_select;boundary_before_prune
"[{""type"":""Tensor"",""shape"":[1,624,1],""dtype"":""float32"",""device"":""cuda:0"",""requires_grad"":false}]",input1_layer18,5,1321,1,624,{},18,rsqrt.default,aten::rsqrt(Tensor self) -> Tensor,"{""type"":""Tensor"",""shape"":[1,624,1],""dtype"":""float32"",""device"":""cuda:0"",""requires_grad"":false}",0,prefill,P0,624,full_visual,middle_select;boundary_before_prune
"[{""type"":""Tensor"",""shape"":[1,624,4096],""dtype"":""float32"",""device"":""cuda:0"",""requires_grad"":false},{""type"":""Tensor"",""shape"":[1,624,1],""dtype"":""float32"",""device"":""cuda:0"",""requires_grad"":false}]",input1_layer18,6,1322,1,624,{},18,mul.Tensor,"aten::mul.Tensor(Tensor self, Tensor other) -> Tensor","{""type"":""Tensor"",""shape"":[1,624,4096],""dtype"":""float32"",""device"":""cuda:0"",""requires_grad"":false}",0,prefill,P0,624,full_visual,middle_select;boundary_before_prune
"[{""type"":""Tensor"",""shape"":[1,624,4096],""dtype"":""float32"",""device"":""cuda:0"",""requires_grad"":false},""dtype""]",input1_layer18,7,1323,1,624,{},18,to.dtype,"aten::to.dtype(Tensor(a) self, ScalarType dtype, bool non_blocking=False, bool copy=False, MemoryFormat? memory_format=None) -> Tensor(a)","{""type"":""Tensor"",""shape"":[1,624,4096],""dtype"":""float16"",""device"":""cuda:0"",""requires_grad"":false}",0,prefill,P0,624,full_visual,middle_select;boundary_before_prune
"[{""type"":""Tensor"",""shape"":[4096],""dtype"":""float16"",""device"":""cuda:0"",""requires_grad"":true},{""type"":""Tensor"",""shape"":[1,624,4096],""dtype"":""float16"",""device"":""cuda:0"",""requires_grad"":false}]",input1_layer18,8,1324,1,624,{},18,mul.Tensor,"aten::mul.Tensor(Tensor self, Tensor other) -> Tensor","{""type"":""Tensor"",""shape"":[1,624,4096],""dtype"":""float16"",""device"":""cuda:0"",""requires_grad"":false}",0,prefill,P0,624,full_visual,middle_select;boundary_before_prune
"[{""type"":""Tensor"",""shape"":[1,624,4096],""dtype"":""float16"",""device"":""cuda:0"",""requires_grad"":false},{""type"":""Tensor"",""shape"":[4096,4096],""dtype"":""float16"",""device"":""cuda:0"",""requires_grad"":true}]",input1_layer18,9,1325,1,624,{},18,linear.default,"aten::linear(Tensor input, Tensor weight, Tensor? bias=None) -> Tensor","{""type"":""Tensor"",""shape"":[1,624,4096],""dtype"":""float16"",""device"":""cuda:0"",""requires_grad"":false}",0,prefill,P0,624,full_visual,middle_select;boundary_before_prune
"[{""type"":""Tensor"",""shape"":[1,624,4096],""dtype"":""float16"",""device"":""cuda:0"",""requires_grad"":false},{""type"":""Tensor"",""shape"":[4096,4096],""dtype"":""float16"",""device"":""cuda:0"",""requires_grad"":true}]",input1_layer18,10,1326,1,624,{},18,linear.default,"aten::linear(Tensor input, Tensor weight, Tensor? bias=None) -> Tensor","{""type"":""Tensor"",""shape"":[1,624,4096],""dtype"":""float16"",""device"":""cuda:0"",""requires_grad"":false}",0,prefill,P0,624,full_visual,middle_select;boundary_before_prune
"[{""type"":""Tensor"",""shape"":[1,624,4096],""dtype"":""float16"",""device"":""cuda:0"",""requires_grad"":false},{""type"":""Tensor"",""shape"":[4096,4096],""dtype"":""float16"",""device"":""cuda:0"",""requires_grad"":true}]",input1_layer18,11,1327,1,624,{},18,linear.default,"aten::linear(Tensor input, Tensor weight, Tensor? bias=None) -> Tensor","{""type"":""Tensor"",""shape"":[1,624,4096],""dtype"":""float16"",""device"":""cuda:0"",""requires_grad"":false}",0,prefill,P0,624,full_visual,middle_select;boundary_before_prune
"[{""type"":""Tensor"",""shape"":[1,624,4096],""dtype"":""float16"",""device"":""cuda:0"",""requires_grad"":false},[1,624,32,128]]",input1_layer18,12,1328,1,624,{},18,view.default,"aten::view(Tensor(a) self, SymInt[] size) -> Tensor(a)","{""type"":""Tensor"",""shape"":[1,624,32,128],""dtype"":""float16"",""device"":""cuda:0"",""requires_grad"":false}",0,prefill,P0,624,full_visual,middle_select;boundary_before_prune
"[{""type"":""Tensor"",""shape"":[1,624,32,128],""dtype"":""float16"",""device"":""cuda:0"",""requires_grad"":false},1,2]",input1_layer18,13,1329,1,624,{},18,transpose.int,"aten::transpose.int(Tensor(a) self, int dim0, int dim1) -> Tensor(a)","{""type"":""Tensor"",""shape"":[1,32,624,128],""dtype"":""float16"",""device"":""cuda:0"",""requires_grad"":false}",0,prefill,P0,624,full_visual,middle_select;boundary_before_prune
"[{""type"":""Tensor"",""shape"":[1,624,4096],""dtype"":""float16"",""device"":""cuda:0"",""requires_grad"":false},[1,624,32,128]]",input1_layer18,14,1330,1,624,{},18,view.default,"aten::view(Tensor(a) self, SymInt[] size) -> Tensor(a)","{""type"":""Tensor"",""shape"":[1,624,32,128],""dtype"":""float16"",""device"":""cuda:0"",""requires_grad"":false}",0,prefill,P0,624,full_visual,middle_select;boundary_before_prune
"[{""type"":""Tensor"",""shape"":[1,624,32,128],""dtype"":""float16"",""device"":""cuda:0"",""requires_grad"":false},1,2]",input1_layer18,15,1331,1,624,{},18,transpose.int,"aten::transpose.int(Tensor(a) self, int dim0, int dim1) -> Tensor(a)","{""type"":""Tensor"",""shape"":[1,32,624,128],""dtype"":""float16"",""device"":""cuda:0"",""requires_grad"":false}",0,prefill,P0,624,full_visual,middle_select;boundary_before_prune
"[{""type"":""Tensor"",""shape"":[1,624,4096],""dtype"":""float16"",""device"":""cuda:0"",""requires_grad"":false},[1,624,32,128]]",input1_layer18,16,1332,1,624,{},18,view.default,"aten::view(Tensor(a) self, SymInt[] size) -> Tensor(a)","{""type"":""Tensor"",""shape"":[1,624,32,128],""dtype"":""float16"",""device"":""cuda:0"",""requires_grad"":false}",0,prefill,P0,624,full_visual,middle_select;boundary_before_prune
"[{""type"":""Tensor"",""shape"":[1,624,32,128],""dtype"":""float16"",""device"":""cuda:0"",""requires_grad"":false},1,2]",input1_layer18,17,1333,1,624,{},18,transpose.int,"aten::transpose.int(Tensor(a) self, int dim0, int dim1) -> Tensor(a)","{""type"":""Tensor"",""shape"":[1,32,624,128],""dtype"":""float16"",""device"":""cuda:0"",""requires_grad"":false}",0,prefill,P0,624,full_visual,middle_select;boundary_before_prune
"[{""type"":""Tensor"",""shape"":[1,624],""dtype"":""int64"",""device"":""cuda:0"",""requires_grad"":false},0,0]",input1_layer18,18,1334,1,624,{},18,select.int,"aten::select.int(Tensor(a) self, int dim, SymInt index) -> Tensor(a)","{""type"":""Tensor"",""shape"":[624],""dtype"":""int64"",""device"":""cuda:0"",""requires_grad"":false}",0,prefill,P0,624,full_visual,middle_select;boundary_before_prune
"[{""type"":""Tensor"",""shape"":[624],""dtype"":""int64"",""device"":""cuda:0"",""requires_grad"":false},0,-1]",input1_layer18,19,1335,1,624,{},18,select.int,"aten::select.int(Tensor(a) self, int dim, SymInt index) -> Tensor(a)","{""type"":""Tensor"",""shape"":[],""dtype"":""int64"",""device"":""cuda:0"",""requires_grad"":false}",0,prefill,P0,624,full_visual,middle_select;boundary_before_prune
"[{""type"":""Tensor"",""shape"":[],""dtype"":""int64"",""device"":""cuda:0"",""requires_grad"":false},1]",input1_layer18,20,1336,1,624,{},18,add.Tensor,"aten::add.Tensor(Tensor self, Tensor other, *, Scalar alpha=1) -> Tensor","{""type"":""Tensor"",""shape"":[],""dtype"":""int64"",""device"":""cuda:0"",""requires_grad"":false}",0,prefill,P0,624,full_visual,middle_select;boundary_before_prune
"[{""type"":""Tensor"",""shape"":[],""dtype"":""int64"",""device"":""cuda:0"",""requires_grad"":false},4096]",input1_layer18,21,1337,1,624,{},18,gt.Scalar,"aten::gt.Scalar(Tensor self, Scalar other) -> Tensor","{""type"":""Tensor"",""shape"":[],""dtype"":""bool"",""device"":""cuda:0"",""requires_grad"":false}",0,prefill,P0,624,full_visual,middle_select;boundary_before_prune
"[{""type"":""Tensor"",""shape"":[],""dtype"":""bool"",""device"":""cuda:0"",""requires_grad"":false}]",input1_layer18,22,1338,1,624,{},18,is_nonzero.default,aten::is_nonzero(Tensor self) -> bool,false,0,prefill,P0,624,full_visual,middle_select;boundary_before_prune
"[{""type"":""Tensor"",""shape"":[],""dtype"":""int64"",""device"":""cuda:0"",""requires_grad"":false}]",input1_layer18,23,1339,1,624,{},18,item.default,aten::item(Tensor self) -> Scalar,624,0,prefill,P0,624,full_visual,middle_select;boundary_before_prune
"[{""type"":""Tensor"",""shape"":[4096,128],""dtype"":""float16"",""device"":""cuda:0"",""requires_grad"":false},0,0,624]",input1_layer18,24,1340,1,624,{},18,slice.Tensor,"aten::slice.Tensor(Tensor(a) self, int dim=0, SymInt? start=None, SymInt? end=None, SymInt step=1) -> Tensor(a)","{""type"":""Tensor"",""shape"":[624,128],""dtype"":""float16"",""device"":""cuda:0"",""requires_grad"":false}",0,prefill,P0,624,full_visual,middle_select;boundary_before_prune
"[{""type"":""Tensor"",""shape"":[624,128],""dtype"":""float16"",""device"":""cuda:0"",""requires_grad"":false},""dtype""]",input1_layer18,25,1341,1,624,{},18,to.dtype,"aten::to.dtype(Tensor(a) self, ScalarType dtype, bool non_blocking=False, bool copy=False, MemoryFormat? memory_format=None) -> Tensor(a)","{""type"":""Tensor"",""shape"":[624,128],""dtype"":""float16"",""device"":""cuda:0"",""requires_grad"":false}",0,prefill,P0,624,full_visual,middle_select;boundary_before_prune
"[{""type"":""Tensor"",""shape"":[],""dtype"":""int64"",""device"":""cuda:0"",""requires_grad"":false}]",input1_layer18,26,1342,1,624,{},18,item.default,aten::item(Tensor self) -> Scalar,624,0,prefill,P0,624,full_visual,middle_select;boundary_before_prune
"[{""type"":""Tensor"",""shape"":[4096,128],""dtype"":""float16"",""device"":""cuda:0"",""requires_grad"":false},0,0,624]",input1_layer18,27,1343,1,624,{},18,slice.Tensor,"aten::slice.Tensor(Tensor(a) self, int dim=0, SymInt? start=None, SymInt? end=None, SymInt step=1) -> Tensor(a)","{""type"":""Tensor"",""shape"":[624,128],""dtype"":""float16"",""device"":""cuda:0"",""requires_grad"":false}",0,prefill,P0,624,full_visual,middle_select;boundary_before_prune
"[{""type"":""Tensor"",""shape"":[624,128],""dtype"":""float16"",""device"":""cuda:0"",""requires_grad"":false},""dtype""]",input1_layer18,28,1344,1,624,{},18,to.dtype,"aten::to.dtype(Tensor(a) self, ScalarType dtype, bool non_blocking=False, bool copy=False, MemoryFormat? memory_format=None) -> Tensor(a)","{""type"":""Tensor"",""shape"":[624,128],""dtype"":""float16"",""device"":""cuda:0"",""requires_grad"":false}",0,prefill,P0,624,full_visual,middle_select;boundary_before_prune
"[{""type"":""Tensor"",""shape"":[624,128],""dtype"":""float16"",""device"":""cuda:0"",""requires_grad"":false},[{""type"":""Tensor"",""shape"":[1,624],""dtype"":""int64"",""device"":""cuda:0"",""requires_grad"":false}]]",input1_layer18,29,1345,1,624,{},18,index.Tensor,"aten::index.Tensor(Tensor self, Tensor?[] indices) -> Tensor","{""type"":""Tensor"",""shape"":[1,624,128],""dtype"":""float16"",""device"":""cuda:0"",""requires_grad"":false}",0,prefill,P0,624,full_visual,middle_select;boundary_before_prune
"[{""type"":""Tensor"",""shape"":[1,624,128],""dtype"":""float16"",""device"":""cuda:0"",""requires_grad"":false},1]",input1_layer18,30,1346,1,624,{},18,unsqueeze.default,"aten::unsqueeze(Tensor(a) self, int dim) -> Tensor(a)","{""type"":""Tensor"",""shape"":[1,1,624,128],""dtype"":""float16"",""device"":""cuda:0"",""requires_grad"":false}",0,prefill,P0,624,full_visual,middle_select;boundary_before_prune
"[{""type"":""Tensor"",""shape"":[624,128],""dtype"":""float16"",""device"":""cuda:0"",""requires_grad"":false},[{""type"":""Tensor"",""shape"":[1,624],""dtype"":""int64"",""device"":""cuda:0"",""requires_grad"":false}]]",input1_layer18,31,1347,1,624,{},18,index.Tensor,"aten::index.Tensor(Tensor self, Tensor?[] indices) -> Tensor","{""type"":""Tensor"",""shape"":[1,624,128],""dtype"":""float16"",""device"":""cuda:0"",""requires_grad"":false}",0,prefill,P0,624,full_visual,middle_select;boundary_before_prune
"[{""type"":""Tensor"",""shape"":[1,624,128],""dtype"":""float16"",""device"":""cuda:0"",""requires_grad"":false},1]",input1_layer18,32,1348,1,624,{},18,unsqueeze.default,"aten::unsqueeze(Tensor(a) self, int dim) -> Tensor(a)","{""type"":""Tensor"",""shape"":[1,1,624,128],""dtype"":""float16"",""device"":""cuda:0"",""requires_grad"":false}",0,prefill,P0,624,full_visual,middle_select;boundary_before_prune
"[{""type"":""Tensor"",""shape"":[1,32,624,128],""dtype"":""float16"",""device"":""cuda:0"",""requires_grad"":false},{""type"":""Tensor"",""shape"":[1,1,624,128],""dtype"":""float16"",""device"":""cuda:0"",""requires_grad"":false}]",input1_layer18,33,1349,1,624,{},18,mul.Tensor,"aten::mul.Tensor(Tensor self, Tensor other) -> Tensor","{""type"":""Tensor"",""shape"":[1,32,624,128],""dtype"":""float16"",""device"":""cuda:0"",""requires_grad"":false}",0,prefill,P0,624,full_visual,middle_select;boundary_before_prune
"[{""type"":""Tensor"",""shape"":[1,32,624,128],""dtype"":""float16"",""device"":""cuda:0"",""requires_grad"":false},3,0,64]",input1_layer18,34,1350,1,624,{},18,slice.Tensor,"aten::slice.Tensor(Tensor(a) self, int dim=0, SymInt? start=None, SymInt? end=None, SymInt step=1) -> Tensor(a)","{""type"":""Tensor"",""shape"":[1,32,624,64],""dtype"":""float16"",""device"":""cuda:0"",""requires_grad"":false}",0,prefill,P0,624,full_visual,middle_select;boundary_before_prune
"[{""type"":""Tensor"",""shape"":[1,32,624,128],""dtype"":""float16"",""device"":""cuda:0"",""requires_grad"":false},3,64,9223372036854775807]",input1_layer18,35,1351,1,624,{},18,slice.Tensor,"aten::slice.Tensor(Tensor(a) self, int dim=0, SymInt? start=None, SymInt? end=None, SymInt step=1) -> Tensor(a)","{""type"":""Tensor"",""shape"":[1,32,624,64],""dtype"":""float16"",""device"":""cuda:0"",""requires_grad"":false}",0,prefill,P0,624,full_visual,middle_select;boundary_before_prune
"[{""type"":""Tensor"",""shape"":[1,32,624,64],""dtype"":""float16"",""device"":""cuda:0"",""requires_grad"":false}]",input1_layer18,36,1352,1,624,{},18,neg.default,aten::neg(Tensor self) -> Tensor,"{""type"":""Tensor"",""shape"":[1,32,624,64],""dtype"":""float16"",""device"":""cuda:0"",""requires_grad"":false}",0,prefill,P0,624,full_visual,middle_select;boundary_before_prune
"[[{""type"":""Tensor"",""shape"":[1,32,624,64],""dtype"":""float16"",""device"":""cuda:0"",""requires_grad"":false},{""type"":""Tensor"",""shape"":[1,32,624,64],""dtype"":""float16"",""device"":""cuda:0"",""requires_grad"":false}],-1]",input1_layer18,37,1353,1,624,{},18,cat.default,"aten::cat(Tensor[] tensors, int dim=0) -> Tensor","{""type"":""Tensor"",""shape"":[1,32,624,128],""dtype"":""float16"",""device"":""cuda:0"",""requires_grad"":false}",0,prefill,P0,624,full_visual,middle_select;boundary_before_prune
"[{""type"":""Tensor"",""shape"":[1,32,624,128],""dtype"":""float16"",""device"":""cuda:0"",""requires_grad"":false},{""type"":""Tensor"",""shape"":[1,1,624,128],""dtype"":""float16"",""device"":""cuda:0"",""requires_grad"":false}]",input1_layer18,38,1354,1,624,{},18,mul.Tensor,"aten::mul.Tensor(Tensor self, Tensor other) -> Tensor","{""type"":""Tensor"",""shape"":[1,32,624,128],""dtype"":""float16"",""device"":""cuda:0"",""requires_grad"":false}",0,prefill,P0,624,full_visual,middle_select;boundary_before_prune
"[{""type"":""Tensor"",""shape"":[1,32,624,128],""dtype"":""float16"",""device"":""cuda:0"",""requires_grad"":false},{""type"":""Tensor"",""shape"":[1,32,624,128],""dtype"":""float16"",""device"":""cuda:0"",""requires_grad"":false}]",input1_layer18,39,1355,1,624,{},18,add.Tensor,"aten::add.Tensor(Tensor self, Tensor other, *, Scalar alpha=1) -> Tensor","{""type"":""Tensor"",""shape"":[1,32,624,128],""dtype"":""float16"",""device"":""cuda:0"",""requires_grad"":false}",0,prefill,P0,624,full_visual,middle_select;boundary_before_prune
"[{""type"":""Tensor"",""shape"":[1,32,624,128],""dtype"":""float16"",""device"":""cuda:0"",""requires_grad"":false},{""type"":""Tensor"",""shape"":[1,1,624,128],""dtype"":""float16"",""device"":""cuda:0"",""requires_grad"":false}]",input1_layer18,40,1356,1,624,{},18,mul.Tensor,"aten::mul.Tensor(Tensor self, Tensor other) -> Tensor","{""type"":""Tensor"",""shape"":[1,32,624,128],""dtype"":""float16"",""device"":""cuda:0"",""requires_grad"":false}",0,prefill,P0,624,full_visual,middle_select;boundary_before_prune
"[{""type"":""Tensor"",""shape"":[1,32,624,128],""dtype"":""float16"",""device"":""cuda:0"",""requires_grad"":false},3,0,64]",input1_layer18,41,1357,1,624,{},18,slice.Tensor,"aten::slice.Tensor(Tensor(a) self, int dim=0, SymInt? start=None, SymInt? end=None, SymInt step=1) -> Tensor(a)","{""type"":""Tensor"",""shape"":[1,32,624,64],""dtype"":""float16"",""device"":""cuda:0"",""requires_grad"":false}",0,prefill,P0,624,full_visual,middle_select;boundary_before_prune
"[{""type"":""Tensor"",""shape"":[1,32,624,128],""dtype"":""float16"",""device"":""cuda:0"",""requires_grad"":false},3,64,9223372036854775807]",input1_layer18,42,1358,1,624,{},18,slice.Tensor,"aten::slice.Tensor(Tensor(a) self, int dim=0, SymInt? start=None, SymInt? end=None, SymInt step=1) -> Tensor(a)","{""type"":""Tensor"",""shape"":[1,32,624,64],""dtype"":""float16"",""device"":""cuda:0"",""requires_grad"":false}",0,prefill,P0,624,full_visual,middle_select;boundary_before_prune
"[{""type"":""Tensor"",""shape"":[1,32,624,64],""dtype"":""float16"",""device"":""cuda:0"",""requires_grad"":false}]",input1_layer18,43,1359,1,624,{},18,neg.default,aten::neg(Tensor self) -> Tensor,"{""type"":""Tensor"",""shape"":[1,32,624,64],""dtype"":""float16"",""device"":""cuda:0"",""requires_grad"":false}",0,prefill,P0,624,full_visual,middle_select;boundary_before_prune
"[[{""type"":""Tensor"",""shape"":[1,32,624,64],""dtype"":""float16"",""device"":""cuda:0"",""requires_grad"":false},{""type"":""Tensor"",""shape"":[1,32,624,64],""dtype"":""float16"",""device"":""cuda:0"",""requires_grad"":false}],-1]",input1_layer18,44,1360,1,624,{},18,cat.default,"aten::cat(Tensor[] tensors, int dim=0) -> Tensor","{""type"":""Tensor"",""shape"":[1,32,624,128],""dtype"":""float16"",""device"":""cuda:0"",""requires_grad"":false}",0,prefill,P0,624,full_visual,middle_select;boundary_before_prune
"[{""type"":""Tensor"",""shape"":[1,32,624,128],""dtype"":""float16"",""device"":""cuda:0"",""requires_grad"":false},{""type"":""Tensor"",""shape"":[1,1,624,128],""dtype"":""float16"",""device"":""cuda:0"",""requires_grad"":false}]",input1_layer18,45,1361,1,624,{},18,mul.Tensor,"aten::mul.Tensor(Tensor self, Tensor other) -> Tensor","{""type"":""Tensor"",""shape"":[1,32,624,128],""dtype"":""float16"",""device"":""cuda:0"",""requires_grad"":false}",0,prefill,P0,624,full_visual,middle_select;boundary_before_prune
"[{""type"":""Tensor"",""shape"":[1,32,624,128],""dtype"":""float16"",""device"":""cuda:0"",""requires_grad"":false},{""type"":""Tensor"",""shape"":[1,32,624,128],""dtype"":""float16"",""device"":""cuda:0"",""requires_grad"":false}]",input1_layer18,46,1362,1,624,{},18,add.Tensor,"aten::add.Tensor(Tensor self, Tensor other, *, Scalar alpha=1) -> Tensor","{""type"":""Tensor"",""shape"":[1,32,624,128],""dtype"":""float16"",""device"":""cuda:0"",""requires_grad"":false}",0,prefill,P0,624,full_visual,middle_select;boundary_before_prune
"[{""type"":""Tensor"",""shape"":[1,32,624,128],""dtype"":""float16"",""device"":""cuda:0"",""requires_grad"":false},2,3]",input1_layer18,47,1363,1,624,{},18,transpose.int,"aten::transpose.int(Tensor(a) self, int dim0, int dim1) -> Tensor(a)","{""type"":""Tensor"",""shape"":[1,32,128,624],""dtype"":""float16"",""device"":""cuda:0"",""requires_grad"":false}",0,prefill,P0,624,full_visual,middle_select;boundary_before_prune
"[{""type"":""Tensor"",""shape"":[1,32,624,128],""dtype"":""float16"",""device"":""cuda:0"",""requires_grad"":false},{""type"":""Tensor"",""shape"":[1,32,128,624],""dtype"":""float16"",""device"":""cuda:0"",""requires_grad"":false}]",input1_layer18,48,1364,1,624,{},18,matmul.default,"aten::matmul(Tensor self, Tensor other) -> Tensor","{""type"":""Tensor"",""shape"":[1,32,624,624],""dtype"":""float16"",""device"":""cuda:0"",""requires_grad"":false}",0,prefill,P0,624,full_visual,middle_select;boundary_before_prune
"[{""type"":""Tensor"",""shape"":[1,32,624,624],""dtype"":""float16"",""device"":""cuda:0"",""requires_grad"":false},11.313708498984761]",input1_layer18,49,1365,1,624,{},18,div.Tensor,"aten::div.Tensor(Tensor self, Tensor other) -> Tensor","{""type"":""Tensor"",""shape"":[1,32,624,624],""dtype"":""float16"",""device"":""cuda:0"",""requires_grad"":false}",0,prefill,P0,624,full_visual,middle_select;boundary_before_prune
"[{""type"":""Tensor"",""shape"":[1,32,624,624],""dtype"":""float16"",""device"":""cuda:0"",""requires_grad"":false},{""type"":""Tensor"",""shape"":[1,1,624,624],""dtype"":""float16"",""device"":""cuda:0"",""requires_grad"":false}]",input1_layer18,50,1366,1,624,{},18,add.Tensor,"aten::add.Tensor(Tensor self, Tensor other, *, Scalar alpha=1) -> Tensor","{""type"":""Tensor"",""shape"":[1,32,624,624],""dtype"":""float16"",""device"":""cuda:0"",""requires_grad"":false}",0,prefill,P0,624,full_visual,middle_select;boundary_before_prune
"[{""type"":""Tensor"",""shape"":[1,32,624,624],""dtype"":""float16"",""device"":""cuda:0"",""requires_grad"":false},-1,""dtype""]",input1_layer18,51,1367,1,624,{},18,softmax.int,"aten::softmax.int(Tensor self, int dim, ScalarType? dtype=None) -> Tensor","{""type"":""Tensor"",""shape"":[1,32,624,624],""dtype"":""float32"",""device"":""cuda:0"",""requires_grad"":false}",0,prefill,P0,624,full_visual,middle_select;boundary_before_prune
"[{""type"":""Tensor"",""shape"":[1,32,624,624],""dtype"":""float32"",""device"":""cuda:0"",""requires_grad"":false},""dtype""]",input1_layer18,52,1368,1,624,{},18,to.dtype,"aten::to.dtype(Tensor(a) self, ScalarType dtype, bool non_blocking=False, bool copy=False, MemoryFormat? memory_format=None) -> Tensor(a)","{""type"":""Tensor"",""shape"":[1,32,624,624],""dtype"":""float16"",""device"":""cuda:0"",""requires_grad"":false}",0,prefill,P0,624,full_visual,middle_select;boundary_before_prune
"[{""type"":""Tensor"",""shape"":[1,32,624,624],""dtype"":""float16"",""device"":""cuda:0"",""requires_grad"":false},0.0,false]",input1_layer18,53,1369,1,624,{},18,dropout.default,"aten::dropout(Tensor input, float p, bool train) -> Tensor","{""type"":""Tensor"",""shape"":[1,32,624,624],""dtype"":""float16"",""device"":""cuda:0"",""requires_grad"":false}",0,prefill,P0,624,full_visual,middle_select;boundary_before_prune
"[{""type"":""Tensor"",""shape"":[1,32,624,624],""dtype"":""float16"",""device"":""cuda:0"",""requires_grad"":false},{""type"":""Tensor"",""shape"":[1,32,624,128],""dtype"":""float16"",""device"":""cuda:0"",""requires_grad"":false}]",input1_layer18,54,1370,1,624,{},18,matmul.default,"aten::matmul(Tensor self, Tensor other) -> Tensor","{""type"":""Tensor"",""shape"":[1,32,624,128],""dtype"":""float16"",""device"":""cuda:0"",""requires_grad"":false}",0,prefill,P0,624,full_visual,middle_select;boundary_before_prune
"[{""type"":""Tensor"",""shape"":[1,32,624,128],""dtype"":""float16"",""device"":""cuda:0"",""requires_grad"":false},1,2]",input1_layer18,55,1371,1,624,{},18,transpose.int,"aten::transpose.int(Tensor(a) self, int dim0, int dim1) -> Tensor(a)","{""type"":""Tensor"",""shape"":[1,624,32,128],""dtype"":""float16"",""device"":""cuda:0"",""requires_grad"":false}",0,prefill,P0,624,full_visual,middle_select;boundary_before_prune
"[{""type"":""Tensor"",""shape"":[1,624,32,128],""dtype"":""float16"",""device"":""cuda:0"",""requires_grad"":false}]",input1_layer18,56,1372,1,624,{},18,contiguous.default,"aten::contiguous(Tensor(a) self, *, MemoryFormat memory_format=0) -> Tensor(a)","{""type"":""Tensor"",""shape"":[1,624,32,128],""dtype"":""float16"",""device"":""cuda:0"",""requires_grad"":false}",0,prefill,P0,624,full_visual,middle_select;boundary_before_prune
"[{""type"":""Tensor"",""shape"":[1,624,32,128],""dtype"":""float16"",""device"":""cuda:0"",""requires_grad"":false},[1,624,4096]]",input1_layer18,57,1373,1,624,{},18,reshape.default,"aten::reshape(Tensor(a) self, SymInt[] shape) -> Tensor(a)","{""type"":""Tensor"",""shape"":[1,624,4096],""dtype"":""float16"",""device"":""cuda:0"",""requires_grad"":false}",0,prefill,P0,624,full_visual,middle_select;boundary_before_prune
"[{""type"":""Tensor"",""shape"":[],""dtype"":""int64"",""device"":""cuda:0"",""requires_grad"":false},0]",input1_layer18,58,1374,1,624,{},18,gt.Scalar,"aten::gt.Scalar(Tensor self, Scalar other) -> Tensor","{""type"":""Tensor"",""shape"":[],""dtype"":""bool"",""device"":""cuda:0"",""requires_grad"":false}",0,prefill,P0,624,full_visual,middle_select;boundary_before_prune
"[{""type"":""Tensor"",""shape"":[],""dtype"":""bool"",""device"":""cuda:0"",""requires_grad"":false}]",input1_layer18,59,1375,1,624,{},18,is_nonzero.default,aten::is_nonzero(Tensor self) -> bool,true,0,prefill,P0,624,full_visual,middle_select;boundary_before_prune
"[{""type"":""Tensor"",""shape"":[1,624],""dtype"":""int64"",""device"":""cuda:0"",""requires_grad"":false},0,0]",input1_layer18,60,1376,1,624,{},18,select.int,"aten::select.int(Tensor(a) self, int dim, SymInt index) -> Tensor(a)","{""type"":""Tensor"",""shape"":[624],""dtype"":""int64"",""device"":""cuda:0"",""requires_grad"":false}",0,prefill,P0,624,full_visual,middle_select;boundary_before_prune
"[{""type"":""Tensor"",""shape"":[624],""dtype"":""int64"",""device"":""cuda:0"",""requires_grad"":false},0,-1]",input1_layer18,61,1377,1,624,{},18,select.int,"aten::select.int(Tensor(a) self, int dim, SymInt index) -> Tensor(a)","{""type"":""Tensor"",""shape"":[],""dtype"":""int64"",""device"":""cuda:0"",""requires_grad"":false}",0,prefill,P0,624,full_visual,middle_select;boundary_before_prune
"[{""type"":""Tensor"",""shape"":[],""dtype"":""int64"",""device"":""cuda:0"",""requires_grad"":false},1]",input1_layer18,62,1378,1,624,{},18,add.Tensor,"aten::add.Tensor(Tensor self, Tensor other, *, Scalar alpha=1) -> Tensor","{""type"":""Tensor"",""shape"":[],""dtype"":""int64"",""device"":""cuda:0"",""requires_grad"":false}",0,prefill,P0,624,full_visual,middle_select;boundary_before_prune
"[{""type"":""Tensor"",""shape"":[],""dtype"":""int64"",""device"":""cuda:0"",""requires_grad"":false},624]",input1_layer18,63,1379,1,624,{},18,eq.Scalar,"aten::eq.Scalar(Tensor self, Scalar other) -> Tensor","{""type"":""Tensor"",""shape"":[],""dtype"":""bool"",""device"":""cuda:0"",""requires_grad"":false}",0,prefill,P0,624,full_visual,middle_select;boundary_before_prune
"[{""type"":""Tensor"",""shape"":[],""dtype"":""bool"",""device"":""cuda:0"",""requires_grad"":false}]",input1_layer18,64,1380,1,624,{},18,is_nonzero.default,aten::is_nonzero(Tensor self) -> bool,true,0,prefill,P0,624,full_visual,middle_select;boundary_before_prune
"[{""type"":""Tensor"",""shape"":[1,624,4096],""dtype"":""float16"",""device"":""cuda:0"",""requires_grad"":false},1,-1]",input1_layer18,65,1381,1,624,{},18,select.int,"aten::select.int(Tensor(a) self, int dim, SymInt index) -> Tensor(a)","{""type"":""Tensor"",""shape"":[1,4096],""dtype"":""float16"",""device"":""cuda:0"",""requires_grad"":false}",0,prefill,P0,624,full_visual,middle_select;boundary_before_prune
"[{""type"":""Tensor"",""shape"":[1,32,624,624],""dtype"":""float16"",""device"":""cuda:0"",""requires_grad"":false},2,-1]",input1_layer18,66,1382,1,624,{},18,select.int,"aten::select.int(Tensor(a) self, int dim, SymInt index) -> Tensor(a)","{""type"":""Tensor"",""shape"":[1,32,624],""dtype"":""float16"",""device"":""cuda:0"",""requires_grad"":false}",0,prefill,P0,624,full_visual,middle_select;boundary_before_prune
"[{""type"":""Tensor"",""shape"":[1,32,624],""dtype"":""float16"",""device"":""cuda:0"",""requires_grad"":false},3]",input1_layer18,67,1383,1,624,{},18,unsqueeze.default,"aten::unsqueeze(Tensor(a) self, int dim) -> Tensor(a)","{""type"":""Tensor"",""shape"":[1,32,624,1],""dtype"":""float16"",""device"":""cuda:0"",""requires_grad"":false}",0,prefill,P0,624,full_visual,middle_select;boundary_before_prune
"[{""type"":""Tensor"",""shape"":[1,32,624,1],""dtype"":""float16"",""device"":""cuda:0"",""requires_grad"":false},{""type"":""Tensor"",""shape"":[1,32,624,128],""dtype"":""float16"",""device"":""cuda:0"",""requires_grad"":false}]",input1_layer18,68,1384,1,624,{},18,mul.Tensor,"aten::mul.Tensor(Tensor self, Tensor other) -> Tensor","{""type"":""Tensor"",""shape"":[1,32,624,128],""dtype"":""float16"",""device"":""cuda:0"",""requires_grad"":false}",0,prefill,P0,624,full_visual,middle_select;boundary_before_prune
"[{""type"":""Tensor"",""shape"":[1,32,624,128],""dtype"":""float16"",""device"":""cuda:0"",""requires_grad"":false},[0,2,1,3]]",input1_layer18,69,1385,1,624,{},18,permute.default,"aten::permute(Tensor(a) self, int[] dims) -> Tensor(a)","{""type"":""Tensor"",""shape"":[1,624,32,128],""dtype"":""float16"",""device"":""cuda:0"",""requires_grad"":false}",0,prefill,P0,624,full_visual,middle_select;boundary_before_prune
"[{""type"":""Tensor"",""shape"":[1,624,32,128],""dtype"":""float16"",""device"":""cuda:0"",""requires_grad"":false}]",input1_layer18,70,1386,1,624,{},18,contiguous.default,"aten::contiguous(Tensor(a) self, *, MemoryFormat memory_format=0) -> Tensor(a)","{""type"":""Tensor"",""shape"":[1,624,32,128],""dtype"":""float16"",""device"":""cuda:0"",""requires_grad"":false}",0,prefill,P0,624,full_visual,middle_select;boundary_before_prune
"[{""type"":""Tensor"",""shape"":[1,624,32,128],""dtype"":""float16"",""device"":""cuda:0"",""requires_grad"":false},[1,624,-1]]",input1_layer18,71,1387,1,624,{},18,view.default,"aten::view(Tensor(a) self, SymInt[] size) -> Tensor(a)","{""type"":""Tensor"",""shape"":[1,624,4096],""dtype"":""float16"",""device"":""cuda:0"",""requires_grad"":false}",0,prefill,P0,624,full_visual,middle_select;boundary_before_prune
"[{""type"":""Tensor"",""shape"":[],""dtype"":""int64"",""device"":""cuda:0"",""requires_grad"":false}]",input1_layer18,72,1388,1,624,{},18,item.default,aten::item(Tensor self) -> Scalar,611,0,prefill,P0,624,full_visual,middle_select;boundary_before_prune
"[{""type"":""Tensor"",""shape"":[1,624,4096],""dtype"":""float16"",""device"":""cuda:0"",""requires_grad"":false},1,35,611]",input1_layer18,73,1389,1,624,{},18,slice.Tensor,"aten::slice.Tensor(Tensor(a) self, int dim=0, SymInt? start=None, SymInt? end=None, SymInt step=1) -> Tensor(a)","{""type"":""Tensor"",""shape"":[1,576,4096],""dtype"":""float16"",""device"":""cuda:0"",""requires_grad"":false}",0,prefill,P0,624,full_visual,middle_select;boundary_before_prune
"[{""type"":""Tensor"",""shape"":[1,4096],""dtype"":""float16"",""device"":""cuda:0"",""requires_grad"":false},1]",input1_layer18,74,1390,1,624,{},18,unsqueeze.default,"aten::unsqueeze(Tensor(a) self, int dim) -> Tensor(a)","{""type"":""Tensor"",""shape"":[1,1,4096],""dtype"":""float16"",""device"":""cuda:0"",""requires_grad"":false}",0,prefill,P0,624,full_visual,middle_select;boundary_before_prune
"[{""type"":""Tensor"",""shape"":[1,1,4096],""dtype"":""float16"",""device"":""cuda:0"",""requires_grad"":false},{""type"":""Tensor"",""shape"":[1,576,4096],""dtype"":""float16"",""device"":""cuda:0"",""requires_grad"":false}]",input1_layer18,75,1391,1,624,{},18,sub.Tensor,"aten::sub.Tensor(Tensor self, Tensor other, *, Scalar alpha=1) -> Tensor","{""type"":""Tensor"",""shape"":[1,576,4096],""dtype"":""float16"",""device"":""cuda:0"",""requires_grad"":false}",0,prefill,P0,624,full_visual,middle_select;boundary_before_prune
"[{""type"":""Tensor"",""shape"":[1,4096],""dtype"":""float16"",""device"":""cuda:0"",""requires_grad"":false},1]",input1_layer18,76,1392,1,624,{},18,unsqueeze.default,"aten::unsqueeze(Tensor(a) self, int dim) -> Tensor(a)","{""type"":""Tensor"",""shape"":[1,1,4096],""dtype"":""float16"",""device"":""cuda:0"",""requires_grad"":false}",0,prefill,P0,624,full_visual,middle_select;boundary_before_prune
"[{""type"":""Tensor"",""shape"":[1,576,4096],""dtype"":""float16"",""device"":""cuda:0"",""requires_grad"":false},{""type"":""Tensor"",""shape"":[1,1,4096],""dtype"":""float16"",""device"":""cuda:0"",""requires_grad"":false},-1]",input1_layer18,77,1393,1,624,{},18,cosine_similarity.default,"aten::cosine_similarity(Tensor x1, Tensor x2, int dim=1, float eps=1e-08) -> Tensor","{""type"":""Tensor"",""shape"":[1,576],""dtype"":""float16"",""device"":""cuda:0"",""requires_grad"":false}",0,prefill,P0,624,full_visual,middle_select;boundary_before_prune
"[{""type"":""Tensor"",""shape"":[1,576],""dtype"":""float16"",""device"":""cuda:0"",""requires_grad"":false},0]",input1_layer18,78,1394,1,624,{},18,squeeze.dim,"aten::squeeze.dim(Tensor(a) self, int dim) -> Tensor(a)","{""type"":""Tensor"",""shape"":[576],""dtype"":""float16"",""device"":""cuda:0"",""requires_grad"":false}",0,prefill,P0,624,full_visual,middle_select;boundary_before_prune
"[{""type"":""Tensor"",""shape"":[576],""dtype"":""float16"",""device"":""cuda:0"",""requires_grad"":false},0.995]",input1_layer18,79,1395,1,624,{},18,lt.Scalar,"aten::lt.Scalar(Tensor self, Scalar other) -> Tensor","{""type"":""Tensor"",""shape"":[576],""dtype"":""bool"",""device"":""cuda:0"",""requires_grad"":false}",0,prefill,P0,624,full_visual,middle_select;boundary_before_prune
"[{""type"":""Tensor"",""shape"":[576],""dtype"":""bool"",""device"":""cuda:0"",""requires_grad"":false}]",input1_layer18,80,1396,1,624,{},18,any.default,aten::any(Tensor self) -> Tensor,"{""type"":""Tensor"",""shape"":[],""dtype"":""bool"",""device"":""cuda:0"",""requires_grad"":false}",0,prefill,P0,624,full_visual,middle_select;boundary_before_prune
"[{""type"":""Tensor"",""shape"":[],""dtype"":""bool"",""device"":""cuda:0"",""requires_grad"":false}]",input1_layer18,81,1397,1,624,{},18,item.default,aten::item(Tensor self) -> Scalar,true,0,prefill,P0,624,full_visual,middle_select;boundary_before_prune
"[{""type"":""Tensor"",""shape"":[1,4096],""dtype"":""float16"",""device"":""cuda:0"",""requires_grad"":false},1]",input1_layer18,82,1398,1,624,{},18,unsqueeze.default,"aten::unsqueeze(Tensor(a) self, int dim) -> Tensor(a)","{""type"":""Tensor"",""shape"":[1,1,4096],""dtype"":""float16"",""device"":""cuda:0"",""requires_grad"":false}",0,prefill,P0,624,full_visual,middle_select;boundary_before_prune
"[{""type"":""Tensor"",""shape"":[1,576,4096],""dtype"":""float16"",""device"":""cuda:0"",""requires_grad"":false},{""type"":""Tensor"",""shape"":[1,1,4096],""dtype"":""float16"",""device"":""cuda:0"",""requires_grad"":false}]",input1_layer18,83,1399,1,624,{},18,sub.Tensor,"aten::sub.Tensor(Tensor self, Tensor other, *, Scalar alpha=1) -> Tensor","{""type"":""Tensor"",""shape"":[1,576,4096],""dtype"":""float16"",""device"":""cuda:0"",""requires_grad"":false}",0,prefill,P0,624,full_visual,middle_select;boundary_before_prune
"[{""type"":""Tensor"",""shape"":[1,576,4096],""dtype"":""float16"",""device"":""cuda:0"",""requires_grad"":false},2,[-1]]",input1_layer18,84,1400,1,624,{},18,linalg_vector_norm.default,"aten::linalg_vector_norm(Tensor self, Scalar ord=2, int[1]? dim=None, bool keepdim=False, *, ScalarType? dtype=None) -> Tensor","{""type"":""Tensor"",""shape"":[1,576],""dtype"":""float16"",""device"":""cuda:0"",""requires_grad"":false}",0,prefill,P0,624,full_visual,middle_select;boundary_before_prune
"[{""type"":""Tensor"",""shape"":[1,576],""dtype"":""float16"",""device"":""cuda:0"",""requires_grad"":false},0]",input1_layer18,85,1401,1,624,{},18,squeeze.dim,"aten::squeeze.dim(Tensor(a) self, int dim) -> Tensor(a)","{""type"":""Tensor"",""shape"":[576],""dtype"":""float16"",""device"":""cuda:0"",""requires_grad"":false}",0,prefill,P0,624,full_visual,middle_select;boundary_before_prune
"[{""type"":""Tensor"",""shape"":[576],""dtype"":""float16"",""device"":""cuda:0"",""requires_grad"":false},0.2]",input1_layer18,86,1402,1,624,{},18,gt.Scalar,"aten::gt.Scalar(Tensor self, Scalar other) -> Tensor","{""type"":""Tensor"",""shape"":[576],""dtype"":""bool"",""device"":""cuda:0"",""requires_grad"":false}",0,prefill,P0,624,full_visual,middle_select;boundary_before_prune
"[{""type"":""Tensor"",""shape"":[576],""dtype"":""bool"",""device"":""cuda:0"",""requires_grad"":false}]",input1_layer18,87,1403,1,624,{},18,where.default,aten::where(Tensor condition) -> Tensor[],"[{""type"":""Tensor"",""shape"":[10],""dtype"":""int64"",""device"":""cuda:0"",""requires_grad"":false}]",0,prefill,P0,624,full_visual,middle_select;boundary_before_prune
"[{""type"":""Tensor"",""shape"":[10],""dtype"":""int64"",""device"":""cuda:0"",""requires_grad"":false},35]",input1_layer18,88,1404,1,624,{},18,add.Tensor,"aten::add.Tensor(Tensor self, Tensor other, *, Scalar alpha=1) -> Tensor","{""type"":""Tensor"",""shape"":[10],""dtype"":""int64"",""device"":""cuda:0"",""requires_grad"":false}",0,prefill,P0,624,full_visual,middle_select;boundary_before_prune
"[{""type"":""Tensor"",""shape"":[1,624,4096],""dtype"":""float16"",""device"":""cuda:0"",""requires_grad"":false},{""type"":""Tensor"",""shape"":[4096,4096],""dtype"":""float16"",""device"":""cuda:0"",""requires_grad"":true}]",input1_layer18,89,1405,1,624,{},18,linear.default,"aten::linear(Tensor input, Tensor weight, Tensor? bias=None) -> Tensor","{""type"":""Tensor"",""shape"":[1,624,4096],""dtype"":""float16"",""device"":""cuda:0"",""requires_grad"":false}",0,prefill,P0,624,full_visual,middle_select;boundary_before_prune
"[{""type"":""Tensor"",""shape"":[1,624,4096],""dtype"":""float16"",""device"":""cuda:0"",""requires_grad"":false},{""type"":""Tensor"",""shape"":[1,624,4096],""dtype"":""float16"",""device"":""cuda:0"",""requires_grad"":false}]",input1_layer18,90,1406,1,624,{},18,add.Tensor,"aten::add.Tensor(Tensor self, Tensor other, *, Scalar alpha=1) -> Tensor","{""type"":""Tensor"",""shape"":[1,624,4096],""dtype"":""float16"",""device"":""cuda:0"",""requires_grad"":false}",0,prefill,P0,624,full_visual,middle_select;boundary_before_prune
"[{""type"":""Tensor"",""shape"":[1,624,4096],""dtype"":""float16"",""device"":""cuda:0"",""requires_grad"":false},""dtype""]",input1_layer18,91,1407,1,624,{},18,to.dtype,"aten::to.dtype(Tensor(a) self, ScalarType dtype, bool non_blocking=False, bool copy=False, MemoryFormat? memory_format=None) -> Tensor(a)","{""type"":""Tensor"",""shape"":[1,624,4096],""dtype"":""float32"",""device"":""cuda:0"",""requires_grad"":false}",0,prefill,P0,624,full_visual,middle_select;boundary_before_prune
"[{""type"":""Tensor"",""shape"":[1,624,4096],""dtype"":""float32"",""device"":""cuda:0"",""requires_grad"":false},2]",input1_layer18,92,1408,1,624,{},18,pow.Tensor_Scalar,"aten::pow.Tensor_Scalar(Tensor self, Scalar exponent) -> Tensor","{""type"":""Tensor"",""shape"":[1,624,4096],""dtype"":""float32"",""device"":""cuda:0"",""requires_grad"":false}",0,prefill,P0,624,full_visual,middle_select;boundary_before_prune
"[{""type"":""Tensor"",""shape"":[1,624,4096],""dtype"":""float32"",""device"":""cuda:0"",""requires_grad"":false},[-1],true]",input1_layer18,93,1409,1,624,{},18,mean.dim,"aten::mean.dim(Tensor self, int[1]? dim, bool keepdim=False, *, ScalarType? dtype=None) -> Tensor","{""type"":""Tensor"",""shape"":[1,624,1],""dtype"":""float32"",""device"":""cuda:0"",""requires_grad"":false}",0,prefill,P0,624,full_visual,middle_select;boundary_before_prune
"[{""type"":""Tensor"",""shape"":[1,624,1],""dtype"":""float32"",""device"":""cuda:0"",""requires_grad"":false},1e-05]",input1_layer18,94,1410,1,624,{},18,add.Tensor,"aten::add.Tensor(Tensor self, Tensor other, *, Scalar alpha=1) -> Tensor","{""type"":""Tensor"",""shape"":[1,624,1],""dtype"":""float32"",""device"":""cuda:0"",""requires_grad"":false}",0,prefill,P0,624,full_visual,middle_select;boundary_before_prune
"[{""type"":""Tensor"",""shape"":[1,624,1],""dtype"":""float32"",""device"":""cuda:0"",""requires_grad"":false}]",input1_layer18,95,1411,1,624,{},18,rsqrt.default,aten::rsqrt(Tensor self) -> Tensor,"{""type"":""Tensor"",""shape"":[1,624,1],""dtype"":""float32"",""device"":""cuda:0"",""requires_grad"":false}",0,prefill,P0,624,full_visual,middle_select;boundary_before_prune
"[{""type"":""Tensor"",""shape"":[1,624,4096],""dtype"":""float32"",""device"":""cuda:0"",""requires_grad"":false},{""type"":""Tensor"",""shape"":[1,624,1],""dtype"":""float32"",""device"":""cuda:0"",""requires_grad"":false}]",input1_layer18,96,1412,1,624,{},18,mul.Tensor,"aten::mul.Tensor(Tensor self, Tensor other) -> Tensor","{""type"":""Tensor"",""shape"":[1,624,4096],""dtype"":""float32"",""device"":""cuda:0"",""requires_grad"":false}",0,prefill,P0,624,full_visual,middle_select;boundary_before_prune
"[{""type"":""Tensor"",""shape"":[1,624,4096],""dtype"":""float32"",""device"":""cuda:0"",""requires_grad"":false},""dtype""]",input1_layer18,97,1413,1,624,{},18,to.dtype,"aten::to.dtype(Tensor(a) self, ScalarType dtype, bool non_blocking=False, bool copy=False, MemoryFormat? memory_format=None) -> Tensor(a)","{""type"":""Tensor"",""shape"":[1,624,4096],""dtype"":""float16"",""device"":""cuda:0"",""requires_grad"":false}",0,prefill,P0,624,full_visual,middle_select;boundary_before_prune
"[{""type"":""Tensor"",""shape"":[4096],""dtype"":""float16"",""device"":""cuda:0"",""requires_grad"":true},{""type"":""Tensor"",""shape"":[1,624,4096],""dtype"":""float16"",""device"":""cuda:0"",""requires_grad"":false}]",input1_layer18,98,1414,1,624,{},18,mul.Tensor,"aten::mul.Tensor(Tensor self, Tensor other) -> Tensor","{""type"":""Tensor"",""shape"":[1,624,4096],""dtype"":""float16"",""device"":""cuda:0"",""requires_grad"":false}",0,prefill,P0,624,full_visual,middle_select;boundary_before_prune
"[{""type"":""Tensor"",""shape"":[1,624,4096],""dtype"":""float16"",""device"":""cuda:0"",""requires_grad"":false},{""type"":""Tensor"",""shape"":[11008,4096],""dtype"":""float16"",""device"":""cuda:0"",""requires_grad"":true}]",input1_layer18,99,1415,1,624,{},18,linear.default,"aten::linear(Tensor input, Tensor weight, Tensor? bias=None) -> Tensor","{""type"":""Tensor"",""shape"":[1,624,11008],""dtype"":""float16"",""device"":""cuda:0"",""requires_grad"":false}",0,prefill,P0,624,full_visual,middle_select;boundary_before_prune
"[{""type"":""Tensor"",""shape"":[1,624,11008],""dtype"":""float16"",""device"":""cuda:0"",""requires_grad"":false}]",input1_layer18,100,1416,1,624,{},18,silu.default,aten::silu(Tensor self) -> Tensor,"{""type"":""Tensor"",""shape"":[1,624,11008],""dtype"":""float16"",""device"":""cuda:0"",""requires_grad"":false}",0,prefill,P0,624,full_visual,middle_select;boundary_before_prune
"[{""type"":""Tensor"",""shape"":[1,624,4096],""dtype"":""float16"",""device"":""cuda:0"",""requires_grad"":false},{""type"":""Tensor"",""shape"":[11008,4096],""dtype"":""float16"",""device"":""cuda:0"",""requires_grad"":true}]",input1_layer18,101,1417,1,624,{},18,linear.default,"aten::linear(Tensor input, Tensor weight, Tensor? bias=None) -> Tensor","{""type"":""Tensor"",""shape"":[1,624,11008],""dtype"":""float16"",""device"":""cuda:0"",""requires_grad"":false}",0,prefill,P0,624,full_visual,middle_select;boundary_before_prune
"[{""type"":""Tensor"",""shape"":[1,624,11008],""dtype"":""float16"",""device"":""cuda:0"",""requires_grad"":false},{""type"":""Tensor"",""shape"":[1,624,11008],""dtype"":""float16"",""device"":""cuda:0"",""requires_grad"":false}]",input1_layer18,102,1418,1,624,{},18,mul.Tensor,"aten::mul.Tensor(Tensor self, Tensor other) -> Tensor","{""type"":""Tensor"",""shape"":[1,624,11008],""dtype"":""float16"",""device"":""cuda:0"",""requires_grad"":false}",0,prefill,P0,624,full_visual,middle_select;boundary_before_prune
"[{""type"":""Tensor"",""shape"":[1,624,11008],""dtype"":""float16"",""device"":""cuda:0"",""requires_grad"":false},{""type"":""Tensor"",""shape"":[4096,11008],""dtype"":""float16"",""device"":""cuda:0"",""requires_grad"":true}]",input1_layer18,103,1419,1,624,{},18,linear.default,"aten::linear(Tensor input, Tensor weight, Tensor? bias=None) -> Tensor","{""type"":""Tensor"",""shape"":[1,624,4096],""dtype"":""float16"",""device"":""cuda:0"",""requires_grad"":false}",0,prefill,P0,624,full_visual,middle_select;boundary_before_prune
"[{""type"":""Tensor"",""shape"":[1,624,4096],""dtype"":""float16"",""device"":""cuda:0"",""requires_grad"":false},{""type"":""Tensor"",""shape"":[1,624,4096],""dtype"":""float16"",""device"":""cuda:0"",""requires_grad"":false}]",input1_layer18,104,1420,1,624,{},18,add.Tensor,"aten::add.Tensor(Tensor self, Tensor other, *, Scalar alpha=1) -> Tensor","{""type"":""Tensor"",""shape"":[1,624,4096],""dtype"":""float16"",""device"":""cuda:0"",""requires_grad"":false}",0,prefill,P0,624,full_visual,middle_select;boundary_before_prune
